en	Samantha	The quarterly review is moved to Thursday afternoon. Please send your updated numbers by Wednesday evening, and include the risks you see for the next release.
hi	Lekha	कल सुबह दस बजे टीम की बैठक है। कृपया अपनी रिपोर्ट समय पर भेज दीजिए और नई योजना के बारे में अपने सुझाव भी लिखिए।
hinglish	Lekha	Kal meeting ke baad please mujhe final report bhej dena, aur client ko bhi update kar dena ki deadline Friday hai.
ja	Kyoko	明日の会議は午後三時に始まります。資料を事前に確認して、質問があれば準備してください。
zh	Tingting	我们下周一需要提交项目报告，请大家在周五之前把各自的部分发给我。
ru	Milena	Встреча перенесена на четверг. Пожалуйста, отправьте обновлённый отчёт до среды.
he	Carmit	הפגישה נדחתה ליום חמישי. אנא שלחו את הדוח המעודכן עד יום רביעי בערב.
th	Kanya	การประชุมพรุ่งนี้เริ่มบ่ายสามโมง กรุณาเตรียมเอกสารให้พร้อม
vi	Linh	Cuộc họp ngày mai bắt đầu lúc ba giờ chiều. Vui lòng chuẩn bị tài liệu trước.
id	Damayanti	Rapat besok dimulai jam tiga sore. Tolong siapkan dokumen sebelum rapat.
